OBJECTID,COUNTYFP10,BLKGRPCE10,GEOID10,NAMELSAD10,POPULATION,HOUSING_UN,NAME10
8,001,3,100010432023,Block Group 3,976,571,432.02
9,001,2,100010432022,Block Group 2,659,320,432.02
10,001,4,100010432024,Block Group 4,1000,433,432.02
11,001,1,100010405021,Block Group 1,713,300,405.02
12,001,2,100010405022,Block Group 2,1268,611,405.02
13,001,1,100010417011,Block Group 1,1813,779,417.01
14,001,3,100010433003,Block Group 3,1730,685,433
15,001,2,100010433002,Block Group 2,1820,588,433
16,001,1,100010433001,Block Group 1,2581,470,433
17,001,2,100010434002,Block Group 2,2772,1175,434
18,001,2,100010431002,Block Group 2,1647,648,431
1,001,1,100010434001,Block Group 1,1374,577,434
2,001,2,100010405012,Block Group 2,2574,1076,405.01
3,001,1,100010405011,Block Group 1,2349,1003,405.01
4,001,1,100010432021,Block Group 1,1155,620,432.02
5,001,2,100010417012,Block Group 2,3985,1658,417.01
6,001,1,100010402011,Block Group 1,2666,1013,402.01
7,001,2,100010402012,Block Group 2,2375,1010,402.01
29,001,1,100010418021,Block Group 1,3478,1405,418.02
30,001,2,100010418022,Block Group 2,1725,649,418.02
36,001,1,100010431001,Block Group 1,983,399,431
37,001,2,100010414002,Block Group 2,1309,533,414
38,001,1,100010414001,Block Group 1,2339,1095,414
31,001,1,100010425001,Block Group 1,1467,564,425
32,001,2,100010425002,Block Group 2,1988,926,425
33,001,1,100010401001,Block Group 1,2637,932,401
34,001,2,100010401002,Block Group 2,2174,849,401
35,001,3,100010401003,Block Group 3,1730,688,401
19,001,3,100010430003,Block Group 3,1535,621,430
20,001,1,100010430001,Block Group 1,1737,774,430
21,001,2,100010430002,Block Group 2,1954,832,430
22,001,2,100010429002,Block Group 2,2560,1017,429
23,001,1,100010429001,Block Group 1,2234,907,429
24,001,1,100010428001,Block Group 1,2012,817,428
25,001,1,100010402031,Block Group 1,3550,1451,402.03
26,001,2,100010402032,Block Group 2,1467,571,402.03
27,001,1,100010402021,Block Group 1,4662,1712,402.02
28,001,2,100010402022,Block Group 2,8101,3039,402.02
59,001,2,100010418012,Block Group 2,2927,1086,418.01
60,001,1,100010421001,Block Group 1,1618,722,421
61,001,2,100010421002,Block Group 2,2241,880,421
62,003,1,100030108001,Block Group 1,1118,511,108
39,001,1,100010413001,Block Group 1,2068,1073,413
40,001,2,100010412002,Block Group 2,2397,1009,412
41,001,1,100010412001,Block Group 1,1809,736,412
42,001,2,100010411002,Block Group 2,1073,259,411
43,001,2,100010428002,Block Group 2,2779,1198,428
44,001,3,100010428003,Block Group 3,2294,957,428
45,001,1,100010422011,Block Group 1,4261,1630,422.01
46,001,2,100010422012,Block Group 2,3043,1075,422.01
47,001,3,100010422013,Block Group 3,2462,974,422.01
48,001,1,100010409001,Block Group 1,2561,1211,409
49,001,3,100010407003,Block Group 3,1649,800,407
50,001,2,100010407002,Block Group 2,1449,546,407
51,001,1,100010407001,Block Group 1,1726,740,407
52,001,1,100010419001,Block Group 1,2891,1105,419
53,001,2,100010419002,Block Group 2,2385,932,419
54,001,1,100010417021,Block Group 1,2378,875,417.02
55,001,2,100010417022,Block Group 2,1838,696,417.02
56,001,1,100010416001,Block Group 1,2089,899,416
57,001,2,100010415002,Block Group 2,1249,485,415
58,001,1,100010415001,Block Group 1,2626,1131,415
81,001,1,100010411001,Block Group 1,2667,888,411
82,001,2,100010410002,Block Group 2,3500,1551,410
83,001,1,100010410001,Block Group 1,2495,1168,410
89,003,3,100030119003,Block Group 3,972,359,119
90,003,2,100030119002,Block Group 2,867,381,119
91,003,1,100030126001,Block Group 1,1019,369,126
92,003,2,100030126002,Block Group 2,848,338,126
84,001,3,100010422023,Block Group 3,2312,900,422.02
85,001,2,100010422022,Block Group 2,4056,1612,422.02
86,001,1,100010422021,Block Group 1,2489,896,422.02
87,001,3,100010418013,Block Group 3,3014,1315,418.01
88,001,1,100010418011,Block Group 1,3692,1451,418.01
63,003,1,100030148051,Block Group 1,1548,562,148.05
64,003,2,100030148052,Block Group 2,2660,987,148.05
65,003,4,100030148054,Block Group 4,3516,1167,148.05
66,003,3,100030148053,Block Group 3,2491,749,148.05
67,003,4,100030148084,Block Group 4,736,292,148.08
68,003,1,100030148081,Block Group 1,1402,503,148.08
69,003,2,100030148082,Block Group 2,1371,553,148.08
70,003,3,100030148083,Block Group 3,2809,1247,148.08
71,001,1,100010420001,Block Group 1,1338,510,420
72,001,2,100010420002,Block Group 2,1835,710,420
73,003,2,100030110002,Block Group 2,1088,398,110
74,003,3,100030110003,Block Group 3,1070,444,110
75,003,1,100030110001,Block Group 1,1005,439,110
76,003,3,100030109003,Block Group 3,649,292,109
77,003,2,100030109002,Block Group 2,1209,487,109
78,003,1,100030109001,Block Group 1,887,359,109
79,003,3,100030108003,Block Group 3,913,412,108
80,003,2,100030108002,Block Group 2,2600,1128,108
125,003,1,100030166081,Block Group 1,1861,623,166.08
126,003,4,100030149094,Block Group 4,1209,549,149.09
127,003,3,100030149093,Block Group 3,884,308,149.09
128,003,1,100030149091,Block Group 1,2119,738,149.09
93,003,3,100030126003,Block Group 3,909,395,126
94,003,1,100030138001,Block Group 1,2248,884,138
95,003,2,100030138002,Block Group 2,894,306,138
96,003,3,100030138003,Block Group 3,2322,1065,138
97,003,2,100030026002,Block Group 2,1114,427,26
98,003,4,100030026004,Block Group 4,874,331,26
99,003,2,100030104002,Block Group 2,1092,492,104
100,003,3,100030104003,Block Group 3,1935,919,104
101,003,1,100030104001,Block Group 1,640,281,104
102,003,4,100030104004,Block Group 4,823,336,104
103,003,3,100030103003,Block Group 3,224,95,103
104,003,2,100030103002,Block Group 2,1577,599,103
105,003,1,100030103001,Block Group 1,1060,435,103
106,003,1,100030154001,Block Group 1,1237,444,154
107,003,2,100030154002,Block Group 2,1953,675,154
108,003,2,100030102002,Block Group 2,891,344,102
109,003,1,100030102001,Block Group 1,1091,422,102
110,003,1,100030101011,Block Group 1,816,310,101.01
111,003,3,100030101013,Block Group 3,1702,1043,101.01
112,003,2,100030101012,Block Group 2,2055,856,101.01
113,003,3,100030129003,Block Group 3,1362,571,129
114,003,2,100030129002,Block Group 2,1201,582,129
115,003,1,100030129001,Block Group 1,2157,864,129
116,003,3,100030136123,Block Group 3,1999,852,136.12
117,003,2,100030136122,Block Group 2,1587,593,136.12
118,003,1,100030136121,Block Group 1,2574,815,136.12
119,003,3,100030136133,Block Group 3,1887,805,136.13
120,003,2,100030136132,Block Group 2,2392,904,136.13
121,003,1,100030136131,Block Group 1,1247,488,136.13
122,003,1,100030168011,Block Group 1,3977,1278,168.01
123,003,2,100030168012,Block Group 2,1770,656,168.01
124,003,1,100030119001,Block Group 1,1499,581,119
154,003,2,100030023002,Block Group 2,936,366,23
155,003,1,100030023001,Block Group 1,1045,337,23
156,003,1,100030022001,Block Group 1,1449,516,22
157,003,3,100030022003,Block Group 3,912,304,22
158,003,2,100030022002,Block Group 2,910,266,22
159,003,2,100030021002,Block Group 2,903,473,21
160,003,1,100030021001,Block Group 1,944,464,21
161,003,1,100039801001,Block Group 1,0,0,9801
162,003,3,100030029003,Block Group 3,1049,748,29
163,003,4,100030029004,Block Group 4,944,367,29
164,003,1,100030029001,Block Group 1,793,364,29
165,003,2,100030029002,Block Group 2,784,249,29
179,005,2,100050507062,Block Group 2,873,1058,507.06
180,005,3,100050507063,Block Group 3,54,79,507.06
181,005,2,100050512012,Block Group 2,653,1391,512.01
166,003,1,100030028001,Block Group 1,1365,1057,28
167,003,2,100030028002,Block Group 2,552,344,28
168,003,3,100030148093,Block Group 3,1020,390,148.09
169,003,1,100030148091,Block Group 1,4318,1862,148.09
170,003,2,100030148092,Block Group 2,2346,843,148.09
171,003,1,100030149081,Block Group 1,2209,1107,149.08
172,003,2,100030169042,Block Group 2,1521,599,169.04
173,003,1,100030169041,Block Group 1,2590,0,169.04
174,003,2,100030168042,Block Group 2,918,227,168.04
175,003,1,100030168041,Block Group 1,5910,1972,168.04
176,003,2,100030166082,Block Group 2,2446,853,166.08
177,003,2,100030149092,Block Group 2,1847,816,149.09
178,005,1,100050507061,Block Group 1,579,825,507.06
129,003,1,100030101041,Block Group 1,2039,1008,101.04
130,003,2,100030101042,Block Group 2,1383,732,101.04
131,003,1,100030158021,Block Group 1,906,289,158.02
132,003,2,100030158022,Block Group 2,1510,501,158.02
133,005,1,100050512031,Block Group 1,468,950,512.03
134,005,4,100050512034,Block Group 4,210,1029,512.03
135,005,3,100050512033,Block Group 3,83,206,512.03
136,005,2,100050512032,Block Group 2,79,229,512.03
137,005,1,100050512021,Block Group 1,782,1260,512.02
138,005,2,100050512022,Block Group 2,144,585,512.02
139,005,1,100050512041,Block Group 1,263,884,512.04
140,005,3,100050512043,Block Group 3,107,1246,512.04
141,005,4,100050512044,Block Group 4,274,612,512.04
142,003,2,100030163052,Block Group 2,2430,975,163.05
143,003,1,100030163051,Block Group 1,3804,1494,163.05
144,003,3,100030163053,Block Group 3,1257,507,163.05
145,003,1,100030164041,Block Group 1,1249,396,164.04
151,003,1,100030026001,Block Group 1,790,287,26
152,003,3,100030026003,Block Group 3,1144,441,26
153,003,3,100030023003,Block Group 3,1216,539,23
146,003,2,100030164042,Block Group 2,864,406,164.04
147,003,3,100030164043,Block Group 3,875,352,164.04
148,003,2,100030148102,Block Group 2,2311,814,148.10
149,003,1,100030148101,Block Group 1,2471,876,148.10
150,003,3,100030148103,Block Group 3,2279,924,148.10
203,005,1,100050511021,Block Group 1,299,848,511.02
204,005,2,100050511022,Block Group 2,542,915,511.02
205,005,3,100050511023,Block Group 3,323,544,511.02
206,005,2,100050510062,Block Group 2,1461,1157,510.06
207,005,1,100050510061,Block Group 1,1263,1142,510.06
182,005,1,100050512011,Block Group 1,614,1451,512.01
183,003,1,100030155021,Block Group 1,2051,785,155.02
184,003,2,100030155022,Block Group 2,797,301,155.02
185,005,2,100050512042,Block Group 2,66,308,512.04
186,005,1,100050507041,Block Group 1,2091,1569,507.04
187,005,2,100050507042,Block Group 2,1840,1424,507.04
188,005,2,100050507032,Block Group 2,1048,888,507.03
189,005,1,100050507031,Block Group 1,988,677,507.03
190,005,1,100050504081,Block Group 1,2780,1187,504.08
191,005,2,100050504082,Block Group 2,1692,630,504.08
192,005,2,100050504052,Block Group 2,1876,873,504.05
193,005,1,100050504051,Block Group 1,1837,805,504.05
194,005,3,100050513063,Block Group 3,500,898,513.06
195,005,1,100050513061,Block Group 1,1323,1011,513.06
196,005,2,100050513062,Block Group 2,603,1104,513.06
197,005,2,100050513052,Block Group 2,550,643,513.05
198,005,1,100050513051,Block Group 1,1251,1236,513.05
199,005,3,100050513053,Block Group 3,961,542,513.05
200,005,2,100050512052,Block Group 2,342,878,512.05
201,005,1,100050512051,Block Group 1,357,963,512.05
202,005,2,100050511012,Block Group 2,182,804,511.01
220,003,1,100030139031,Block Group 1,3232,1117,139.03
221,003,2,100030139032,Block Group 2,1751,554,139.03
222,003,3,100030136153,Block Group 3,1414,906,136.15
223,003,1,100030136151,Block Group 1,1653,846,136.15
224,003,2,100030136152,Block Group 2,643,246,136.15
239,005,1,100050501041,Block Group 1,1188,470,501.04
240,005,3,100050501043,Block Group 3,1014,352,501.04
241,005,1,100050504071,Block Group 1,1402,609,504.07
225,003,2,100030136142,Block Group 2,2368,1036,136.14
226,003,1,100030136141,Block Group 1,764,313,136.14
227,003,2,100030019022,Block Group 2,1262,744,19.02
228,003,1,100030019021,Block Group 1,656,288,19.02
229,003,1,100030030021,Block Group 1,372,152,30.02
230,003,2,100030030022,Block Group 2,700,286,30.02
231,003,3,100030030023,Block Group 3,2203,272,30.02
232,003,3,100030105023,Block Group 3,796,345,105.02
233,003,1,100030105021,Block Group 1,1022,445,105.02
234,003,5,100030105025,Block Group 5,1148,522,105.02
235,003,2,100030105022,Block Group 2,1193,560,105.02
236,003,4,100030105024,Block Group 4,1420,838,105.02
237,005,3,100050511013,Block Group 3,323,683,511.01
238,005,1,100050511011,Block Group 1,147,460,511.01
208,005,3,100050507053,Block Group 3,961,905,507.05
209,005,1,100050507051,Block Group 1,1680,1243,507.05
210,005,4,100050507054,Block Group 4,198,284,507.05
211,005,2,100050507052,Block Group 2,1514,1473,507.05
212,005,1,100050510051,Block Group 1,2591,1314,510.05
213,005,3,100050510053,Block Group 3,820,747,510.05
214,005,2,100050511032,Block Group 2,306,1354,511.03
215,005,3,100050511033,Block Group 3,55,255,511.03
216,005,1,100050511031,Block Group 1,539,814,511.03
217,005,2,100050510072,Block Group 2,1433,1466,510.07
218,005,3,100050510073,Block Group 3,1372,1344,510.07
219,005,1,100050510071,Block Group 1,1735,1605,510.07
261,003,3,100030139043,Block Group 3,675,258,139.04
262,003,4,100030139044,Block Group 4,3005,1355,139.04
263,003,2,100030139042,Block Group 2,1030,443,139.04
264,003,1,100030149061,Block Group 1,1661,812,149.06
265,003,2,100030149062,Block Group 2,3065,1231,149.06
266,003,1,100030152001,Block Group 1,1621,658,152
242,005,2,100050504072,Block Group 2,1133,435,504.07
243,005,3,100050504073,Block Group 3,2203,860,504.07
244,005,1,100050501051,Block Group 1,3301,1236,501.05
245,005,2,100050510052,Block Group 2,794,834,510.05
246,005,1,100050505041,Block Group 1,2525,457,505.04
247,005,3,100050505043,Block Group 3,1797,740,505.04
248,005,2,100050505042,Block Group 2,1814,585,505.04
249,005,2,100050504062,Block Group 2,1564,634,504.06
250,005,1,100050504061,Block Group 1,1227,506,504.06
251,005,3,100050504063,Block Group 3,2205,910,504.06
252,005,2,100050505032,Block Group 2,1586,571,505.03
253,005,1,100050505031,Block Group 1,3743,1017,505.03
254,005,1,100050509011,Block Group 1,2244,1914,509.01
255,005,2,100050510042,Block Group 2,1994,1564,510.04
256,005,1,100050510041,Block Group 1,2206,1278,510.04
257,005,3,100050509023,Block Group 3,497,1005,509.02
258,005,1,100050509021,Block Group 1,1857,1302,509.02
259,005,2,100050509022,Block Group 2,1889,1380,509.02
260,005,2,100050501042,Block Group 2,2109,925,501.04
277,005,2,100050501052,Block Group 2,2196,1004,501.05
278,003,1,100030107021,Block Group 1,1110,555,107.02
279,003,4,100030107024,Block Group 4,648,300,107.02
280,003,2,100030107022,Block Group 2,1272,496,107.02
281,003,3,100030107023,Block Group 3,1964,1317,107.02
291,005,4,100050508034,Block Group 4,1892,874,508.03
292,005,2,100050504012,Block Group 2,1565,678,504.01
282,003,2,100030135062,Block Group 2,2262,747,135.06
283,003,3,100030135063,Block Group 3,1716,586,135.06
284,003,1,100030135061,Block Group 1,855,310,135.06
285,003,1,100030135051,Block Group 1,781,252,135.05
286,003,2,100030135052,Block Group 2,2366,899,135.05
287,003,3,100030149073,Block Group 3,1130,517,149.07
288,003,2,100030149072,Block Group 2,1717,713,149.07
289,003,1,100030149071,Block Group 1,1996,734,149.07
290,003,1,100030139041,Block Group 1,3070,1143,139.04
267,005,3,100050503013,Block Group 3,2271,1075,503.01
268,005,2,100050501012,Block Group 2,1677,678,501.01
269,005,1,100050501011,Block Group 1,2092,873,501.01
270,005,4,100050515004,Block Group 4,757,308,515
271,003,3,100030152003,Block Group 3,859,325,152
272,003,4,100030152004,Block Group 4,937,330,152
273,003,5,100030152005,Block Group 5,1546,332,152
274,003,2,100030152002,Block Group 2,966,363,152
275,005,1,100050503011,Block Group 1,1628,646,503.01
276,005,2,100050503012,Block Group 2,3018,1250,503.01
313,005,2,100050517012,Block Group 2,2634,1085,517.01
314,005,1,100050517011,Block Group 1,1350,522,517.01
293,005,1,100050504011,Block Group 1,2229,891,504.01
294,005,1,100050507011,Block Group 1,2326,1173,507.01
295,005,3,100050515003,Block Group 3,978,446,515
296,005,1,100050515001,Block Group 1,1260,545,515
297,005,2,100050515002,Block Group 2,2097,861,515
298,005,2,100050514002,Block Group 2,1387,573,514
299,005,1,100050514001,Block Group 1,2191,881,514
300,005,2,100050513022,Block Group 2,1309,935,513.02
301,005,1,100050513021,Block Group 1,1433,777,513.02
302,005,1,100050513031,Block Group 1,1702,1771,513.03
303,005,3,100050513033,Block Group 3,1240,1269,513.03
304,005,2,100050513032,Block Group 2,1590,1337,513.03
305,005,1,100050513011,Block Group 1,1552,961,513.01
306,005,2,100050513012,Block Group 2,1699,1015,513.01
307,005,3,100050513013,Block Group 3,1685,1760,513.01
308,005,2,100050508022,Block Group 2,2778,1265,508.02
309,005,3,100050508033,Block Group 3,1372,984,508.03
310,005,1,100050508021,Block Group 1,1970,983,508.02
311,005,1,100050508031,Block Group 1,1255,1239,508.03
312,005,2,100050508032,Block Group 2,1737,1005,508.03
325,005,2,100050507012,Block Group 2,1258,579,507.01
326,005,2,100050502002,Block Group 2,2274,935,502
327,005,1,100050502001,Block Group 1,921,361,502
328,005,2,100050501032,Block Group 2,1886,1120,501.03
329,005,2,100050506012,Block Group 2,2338,907,506.01
330,005,2,100050518012,Block Group 2,2652,1161,518.01
331,005,1,100050504031,Block Group 1,3403,1367,504.03
332,005,2,100050510032,Block Group 2,1669,1485,510.03
338,003,2,100030166042,Block Group 2,5254,1862,166.04
339,003,1,100030166041,Block Group 1,3187,1138,166.04
340,003,3,100030166043,Block Group 3,2966,1040,166.04
333,005,1,100050501031,Block Group 1,2559,1192,501.03
334,005,3,100050506023,Block Group 3,1832,851,506.02
335,005,2,100050506022,Block Group 2,1662,806,506.02
336,005,1,100050506021,Block Group 1,2063,959,506.02
337,005,1,100050506011,Block Group 1,2719,1035,506.01
315,005,1,100050518011,Block Group 1,2230,955,518.01
316,005,1,100050510031,Block Group 1,1634,1183,510.03
317,005,3,100050510033,Block Group 3,1417,1233,510.03
318,005,2,100050519002,Block Group 2,2787,1114,519
319,005,1,100050519001,Block Group 1,1778,719,519
320,005,1,100050518021,Block Group 1,2377,966,518.02
321,005,2,100050518022,Block Group 2,1813,789,518.02
322,005,2,100050517022,Block Group 2,1862,781,517.02
323,005,3,100050517023,Block Group 3,2213,895,517.02
324,005,1,100050517021,Block Group 1,1538,627,517.02
362,003,4,100030124004,Block Group 4,1082,457,124
363,003,3,100030163023,Block Group 3,3018,943,163.02
364,003,2,100030163022,Block Group 2,1564,683,163.02
365,003,1,100030163021,Block Group 1,2852,947,163.02
366,003,2,100030163012,Block Group 2,3211,1274,163.01
367,003,1,100030163011,Block Group 1,1842,841,163.01
341,003,2,100030166022,Block Group 2,3676,1175,166.02
342,003,1,100030166021,Block Group 1,2780,1000,166.02
343,003,3,100030127003,Block Group 3,969,394,127
344,003,2,100030127002,Block Group 2,607,260,127
345,005,1,100050508011,Block Group 1,1552,682,508.01
346,005,2,100050508012,Block Group 2,2017,1006,508.01
347,005,1,100050503021,Block Group 1,2946,1165,503.02
348,005,2,100050503022,Block Group 2,2049,717,503.02
349,005,2,100050505012,Block Group 2,2270,898,505.01
350,003,3,100030149033,Block Group 3,768,295,149.03
351,005,1,100050505011,Block Group 1,1232,502,505.01
352,003,1,100030149031,Block Group 1,2340,816,149.03
353,003,4,100030149034,Block Group 4,3245,990,149.03
354,003,2,100030149032,Block Group 2,780,276,149.03
355,003,2,100030149042,Block Group 2,2684,1080,149.04
356,003,1,100030149041,Block Group 1,2291,1105,149.04
357,003,1,100030159001,Block Group 1,1202,461,159
358,003,3,100030159003,Block Group 3,1247,472,159
359,003,2,100030159002,Block Group 2,870,323,159
360,003,1,100030169011,Block Group 1,1110,435,169.01
361,003,2,100030169012,Block Group 2,1125,428,169.01
405,003,1,100030127001,Block Group 1,1598,758,127
406,003,5,100030127005,Block Group 5,583,246,127
407,003,4,100030127004,Block Group 4,664,296,127
408,003,2,100030123002,Block Group 2,1206,552,123
409,003,1,100030123001,Block Group 1,1405,655,123
410,003,3,100030016003,Block Group 3,821,333,16
411,003,1,100030016001,Block Group 1,903,476,16
412,003,2,100030016002,Block Group 2,663,353,16
413,003,1,100030015001,Block Group 1,776,519,15
432,003,1,100030147021,Block Group 1,1927,725,147.02
433,003,2,100030145022,Block Group 2,3617,366,145.02
434,003,1,100030145021,Block Group 1,2822,1061,145.02
435,003,1,100030144041,Block Group 1,2565,1150,144.04
436,003,2,100030144042,Block Group 2,908,368,144.04
414,003,2,100030015002,Block Group 2,1527,683,15
415,003,2,100030014002,Block Group 2,1358,590,14
416,003,1,100030014001,Block Group 1,794,460,14
417,003,1,100030013001,Block Group 1,1062,640,13
418,003,2,100030013002,Block Group 2,672,298,13
419,003,4,100030013004,Block Group 4,1024,593,13
420,003,3,100030013003,Block Group 3,710,321,13
421,003,2,100030012002,Block Group 2,809,504,12
422,003,1,100030012001,Block Group 1,720,360,12
423,003,1,100030011001,Block Group 1,1262,930,11
424,003,3,100030011003,Block Group 3,936,811,11
425,003,2,100030011002,Block Group 2,1062,756,11
426,003,3,100030148073,Block Group 3,3003,1386,148.07
427,003,2,100030148072,Block Group 2,3676,1256,148.07
428,003,1,100030148071,Block Group 1,1791,576,148.07
429,003,1,100030124001,Block Group 1,1524,634,124
430,003,2,100030124002,Block Group 2,952,389,124
431,003,3,100030124003,Block Group 3,1044,434,124
368,003,2,100030005002,Block Group 2,1116,448,5
369,003,3,100030005003,Block Group 3,766,306,5
370,003,2,100030004002,Block Group 2,1321,637,4
371,003,3,100030004003,Block Group 3,744,444,4
372,003,1,100030004001,Block Group 1,891,520,4
373,003,2,100030003002,Block Group 2,827,318,3
374,003,4,100030003004,Block Group 4,1161,466,3
375,003,3,100030003003,Block Group 3,655,268,3
376,003,1,100030003001,Block Group 1,551,265,3
377,003,2,100030121002,Block Group 2,1418,581,121
378,003,3,100030121003,Block Group 3,640,276,121
379,003,1,100030121001,Block Group 1,1094,414,121
380,003,2,100030120002,Block Group 2,1760,712,120
381,003,3,100030120003,Block Group 3,1654,682,120
382,003,1,100030120001,Block Group 1,1005,461,120
383,003,1,100030145011,Block Group 1,2113,905,145.01
384,003,6,100030125006,Block Group 6,1106,442,125
385,003,3,100030125003,Block Group 3,932,378,125
386,003,5,100030125005,Block Group 5,798,328,125
387,003,4,100030125004,Block Group 4,717,288,125
388,003,2,100030125002,Block Group 2,987,442,125
389,003,1,100030125001,Block Group 1,870,432,125
390,003,4,100030122004,Block Group 4,1715,621,122
391,003,2,100030122002,Block Group 2,920,422,122
392,003,1,100030122001,Block Group 1,920,412,122
393,003,3,100030122003,Block Group 3,892,392,122
394,003,3,100030009003,Block Group 3,535,270,9
395,003,1,100030009001,Block Group 1,780,340,9
396,003,2,100030009002,Block Group 2,908,380,9
397,003,1,100030006021,Block Group 1,935,485,6.02
398,003,2,100030006022,Block Group 2,978,410,6.02
399,003,3,100030006023,Block Group 3,736,427,6.02
400,003,1,100030006011,Block Group 1,1185,402,6.01
401,003,2,100030006012,Block Group 2,856,299,6.01
402,003,3,100030006013,Block Group 3,869,324,6.01
403,003,4,100030005004,Block Group 4,774,370,5
404,003,1,100030005001,Block Group 1,991,410,5
475,003,2,100030136102,Block Group 2,969,366,136.10
476,003,2,100030115002,Block Group 2,792,369,115
477,003,1,100030115001,Block Group 1,998,429,115
478,003,3,100030115003,Block Group 3,1026,459,115
479,003,4,100030117004,Block Group 4,1060,470,117
437,003,2,100030147062,Block Group 2,1919,762,147.06
438,003,1,100030147061,Block Group 1,1055,340,147.06
439,003,3,100030144033,Block Group 3,1658,883,144.03
440,003,2,100030144032,Block Group 2,2267,281,144.03
441,003,1,100030144031,Block Group 1,1312,521,144.03
442,003,2,100030144022,Block Group 2,2349,1121,144.02
443,003,1,100030144021,Block Group 1,871,377,144.02
444,003,3,100030147033,Block Group 3,1815,748,147.03
445,003,4,100030147034,Block Group 4,752,264,147.03
446,003,1,100030147031,Block Group 1,1272,657,147.03
447,003,2,100030147032,Block Group 2,881,339,147.03
448,003,2,100030141002,Block Group 2,1308,484,141
449,003,1,100030141001,Block Group 1,1192,444,141
450,003,3,100030141003,Block Group 3,2357,945,141
451,003,1,100030148031,Block Group 1,2585,1186,148.03
452,003,2,100030148032,Block Group 2,1342,651,148.03
453,003,1,100030147051,Block Group 1,1146,409,147.05
454,003,2,100030147052,Block Group 2,1682,562,147.05
455,003,3,100030147053,Block Group 3,2588,1126,147.05
456,003,3,100030002003,Block Group 3,896,416,2
457,003,1,100030002001,Block Group 1,751,359,2
458,003,2,100030002002,Block Group 2,796,296,2
459,003,4,100030002004,Block Group 4,654,258,2
460,003,6,100030002006,Block Group 6,1381,616,2
461,003,5,100030002005,Block Group 5,960,407,2
462,003,1,100030027001,Block Group 1,832,348,27
463,003,2,100030027002,Block Group 2,1276,496,27
464,003,3,100030025003,Block Group 3,789,400,25
465,003,1,100030025001,Block Group 1,1127,569,25
466,003,2,100030025002,Block Group 2,1123,381,25
467,003,4,100030024004,Block Group 4,1039,530,24
468,003,1,100030024001,Block Group 1,864,459,24
469,003,3,100030024003,Block Group 3,1211,567,24
470,003,2,100030024002,Block Group 2,1557,680,24
471,003,4,100030140004,Block Group 4,1895,821,140
472,003,2,100030140002,Block Group 2,1202,536,140
473,003,3,100030140003,Block Group 3,1332,683,140
474,003,1,100030140001,Block Group 1,847,328,140
502,003,1,100030164011,Block Group 1,1558,518,164.01
503,003,3,100030143003,Block Group 3,3817,325,143
504,003,2,100030143002,Block Group 2,1592,678,143
512,003,3,100030136103,Block Group 3,3018,1182,136.10
513,003,1,100030116001,Block Group 1,1058,454,116
514,003,1,100030114001,Block Group 1,719,283,114
515,003,2,100030114002,Block Group 2,1114,479,114
516,003,3,100030114003,Block Group 3,1525,652,114
517,003,1,100030113001,Block Group 1,1531,729,113
518,003,2,100030113002,Block Group 2,836,293,113
505,003,1,100030143001,Block Group 1,1600,625,143
506,003,1,100030142001,Block Group 1,1627,664,142
507,003,1,100030137001,Block Group 1,1025,406,137
508,003,3,100030137003,Block Group 3,738,296,137
509,003,2,100030137002,Block Group 2,2141,957,137
510,003,1,100030136101,Block Group 1,1514,502,136.10
511,003,4,100030136104,Block Group 4,626,240,136.10
480,003,1,100030130001,Block Group 1,1012,449,130
481,003,2,100030130002,Block Group 2,811,315,130
482,003,3,100030136073,Block Group 3,1979,1092,136.07
483,003,1,100030136071,Block Group 1,2178,1076,136.07
484,003,2,100030136072,Block Group 2,900,443,136.07
485,003,4,100030136074,Block Group 4,872,374,136.07
486,003,1,100030136081,Block Group 1,877,326,136.08
487,003,2,100030136082,Block Group 2,1014,473,136.08
488,003,2,100030136042,Block Group 2,1654,646,136.04
489,003,3,100030136043,Block Group 3,1300,597,136.04
490,003,1,100030136041,Block Group 1,1120,421,136.04
491,003,2,100030116002,Block Group 2,2223,937,116
492,003,2,100030117002,Block Group 2,793,406,117
493,003,1,100030117001,Block Group 1,1295,514,117
494,003,3,100030117003,Block Group 3,826,419,117
495,003,1,100030139011,Block Group 1,1323,574,139.01
496,003,3,100030139013,Block Group 3,808,282,139.01
497,003,2,100030139012,Block Group 2,702,277,139.01
498,003,1,100030136111,Block Group 1,2435,1232,136.11
499,003,2,100030136112,Block Group 2,2193,921,136.11
500,003,3,100030136113,Block Group 3,1125,411,136.11
501,003,2,100030164012,Block Group 2,4270,1428,164.01
543,003,2,100030118002,Block Group 2,2677,1260,118
544,003,2,100030112042,Block Group 2,1982,918,112.04
545,003,1,100030112041,Block Group 1,1327,538,112.04
546,003,2,100030112032,Block Group 2,742,292,112.03
547,003,3,100030112033,Block Group 3,2040,1059,112.03
548,003,1,100030112031,Block Group 1,1823,791,112.03
549,003,1,100030112021,Block Group 1,2697,1003,112.02
550,003,2,100030112022,Block Group 2,1205,539,112.02
551,003,1,100030112011,Block Group 1,1015,379,112.01
552,003,2,100030112012,Block Group 2,1231,515,112.01
553,003,2,100030111002,Block Group 2,2052,865,111
554,003,1,100030111001,Block Group 1,621,360,111
555,003,1,100030151001,Block Group 1,2677,1026,151
556,003,2,100030151002,Block Group 2,773,372,151
557,003,1,100030162001,Block Group 1,645,355,162
558,003,3,100030162003,Block Group 3,869,337,162
559,003,2,100030162002,Block Group 2,1174,603,162
560,003,2,100030161002,Block Group 2,785,447,161
561,003,1,100030161001,Block Group 1,1169,467,161
562,003,1,100030160001,Block Group 1,2801,1075,160
563,003,2,100030166012,Block Group 2,1810,608,166.01
564,003,3,100030166013,Block Group 3,5743,2348,166.01
565,003,1,100030166011,Block Group 1,3809,1114,166.01
566,003,1,100030156001,Block Group 1,694,295,156
567,003,2,100030156002,Block Group 2,1644,583,156
568,003,2,100030150002,Block Group 2,688,277,150
569,003,1,100030150001,Block Group 1,2213,911,150
570,003,3,100030150003,Block Group 3,942,338,150
571,003,4,100030150004,Block Group 4,1528,613,150
519,003,2,100030112062,Block Group 2,2639,1055,112.06
520,003,1,100030112061,Block Group 1,1548,582,112.06
521,003,2,100030112052,Block Group 2,811,314,112.05
522,003,1,100030112051,Block Group 1,1213,452,112.05
523,003,1,100030134001,Block Group 1,924,373,134
524,003,2,100030134002,Block Group 2,1003,402,134
525,003,3,100030134003,Block Group 3,678,315,134
526,003,2,100030133002,Block Group 2,876,366,133
527,003,1,100030133001,Block Group 1,991,412,133
528,003,1,100030132001,Block Group 1,882,352,132
529,003,3,100030132003,Block Group 3,1012,422,132
530,003,2,100030132002,Block Group 2,803,274,132
531,003,1,100030131001,Block Group 1,1158,481,131
532,003,3,100030131003,Block Group 3,660,272,131
533,003,2,100030131002,Block Group 2,784,309,131
534,003,4,100030135034,Block Group 4,1187,403,135.03
535,003,2,100030135032,Block Group 2,2159,821,135.03
536,003,3,100030135033,Block Group 3,1855,676,135.03
537,003,1,100030135031,Block Group 1,2271,787,135.03
538,003,4,100030135014,Block Group 4,2647,1187,135.01
539,003,1,100030135011,Block Group 1,1328,466,135.01
540,003,3,100030135013,Block Group 3,1591,571,135.01
541,003,2,100030135012,Block Group 2,1036,357,135.01
542,003,1,100030118001,Block Group 1,1500,1044,118
